model;batterij_netto_kwh;batterij_bruto_kwh;wltp_kwh_100km;ac_kw_standaard;ac_kw_optie;ac_fasen;officieel_bevestigd;bron_url;opmerking
BMW iX1 eDrive20 (2025);64.7;66.5;15.4-17.2;11;22;3;ja (fasen deels);https://www.press.bmwgroup.com/netherlands/article/detail/T0435758NL/de-prijs-van-de-geheel-nieuwe-bmw-ix1-edrive20-is-bekend?language=nl;bmw.be toont nu MY26: 65.2 kWh / 14.3-16.1 kWh/100km - https://www.bmw.be/nl/all-models/bmw-i/ix1/bmw-ix1-technische-gegevens.html
Fiat 500e 42 kWh (2025);37.3;42;14.4-14.9;11;;3;ja (NL-prijslijst);https://www.media.stellantis.com/uploads/nl/attachment//consumentenprijslijstfiat500emy2522oktober2024-671760646ee09.pdf;fiat.be geeft enkel gemengde range 28.3-42 kWh - https://www.fiat.be/nl/modellen/fiat-500-elektrisch/technische-specificaties
Hyundai Kona Electric 65 kWh (2025);65.4;68.5;14.7-16.6;10.5;;3;deels;https://www.hyundai.com/be/nl/modellen/kona-electric/performance.html;BE zegt 10.5 kW, NL-prijslijst en ev-database 11 kW; BE-site toont nu MY26 (64.8 kWh); WLTP uit NL-prijslijst 01/2025
Kia EV3 81,4 kWh (2025);78.0;81.4;14.9-16.2;11;;3;deels;https://www.kia.com/be/nl/modellen/ev3/ontdekken/;81.4 = bruto; netto 78.0 enkel ev-database; 22 kW OBC pas vanaf MY2027; fasen enkel ev-database
Peugeot e-208 51 kWh (2025);48.1;51;14.0-14.5;11;;3;ja (BE-prijslijst);https://www.peugeot.be/content/dam/peugeot/belgium/nl/b2c/tools/prijslijst/october/208-2025_BENL.pdf;volledig bevestigd via BE-prijslijst 10/2025
Renault 5 E-Tech 52 kWh (2025);52;55;14.9;11;;3;ja (NL-prijslijst);https://cdn.group.renault.com/ren/nl/brochures-en-prijslijsten/prijzenarchief/renault5/renault5-prijslijst-06-2025.pdf;BE-pagina bevestigt 52 kWh + 11 kW: https://nl.renault.be/elektrische-wagens/r5-e-tech-electric/versies-en-prijzen.html; bruto enkel ev-database
Renault Zoe R135 (2023);52;54.7;17.7;22;;3;ja (NL-prijslijst 01/2022);https://cdn.group.renault.com/ren/nl/brochures-en-prijslijsten/prijzenarchief/zoe/zoe-prijslijst-01-2022.pdf;geen BE-bron meer online; bruto enkel ev-database
Škoda Enyaq 85 (2025);77;82;15-16;11;;3;deels (fasen niet);https://cdn.skoda-storyboard.com/2025/05/Press_Kit_New_Skoda_Enyaq_492b58d1.pdf;skoda.be: 15-16 kWh/100km (https://nl.skoda.be/models/enyaq/enyaq-corporate); BE-prijslijst https://nl.skoda.be/_doc/0128eaa0-e632-4b16-82bf-383d1c2baf2a niet leesbaar; fasen enkel ev-database
Tesla Model 3 RWD (2025);57 / 60;60 / 64;13.8;11;;3;deels (enkel WLTP);https://www.tesla.com/nl_be/support/power-consumption;Tesla publiceert geen kWh/OBC; 57/60 tot ~mei 2025, daarna 60/64 (ev-database); huidige Standard RWD = 12.2 kWh/100km
Volkswagen ID.3 Pro (2025);59;63;14.6-16.7;11;;3;ja (fasen via NL-prijslijst);https://www.volkswagen.be/app/offers/nl/professional/id3-pro-business;NL-prijslijst: https://www.volkswagen.nl/idhub/content/dam/onehub_pkw/importers/nl/prijslijsten/ID3_prijslijst.pdf; vw.be toont nu enkel ID.3 Neo
Volkswagen ID.4 Pro (2025);77;82;15.75-17.62;11;;3;ja (fasen niet);https://www.volkswagen.be/nl/modellen/id4.html/__ui/technical-data.app;huidige BE-pagina, mogelijk MY26-waarden; fasen enkel ev-database
