model;batterij_netto_kwh;batterij_bruto_kwh;wltp_kwh_100km;ac_kw;ac_fasen;bron_url;officieel_bevestigd;opmerking
skoda-elroq-rs-2027;77.0;82.0;16.0;11.0;3;https://www.skoda.nl/_doc/fc32057f-e470-4667-b5e9-6c8eb90d2d92;ja;akkoord Erwin 2026-10-08 ('advies', selectie van 19 uit pull request #1)
skoda-enyaq-rs-2027;77.0;82.0;15.8;11.0;3;https://www.skoda.nl/_doc/63beb232-4650-4797-a214-8ee7f95c89e6;ja;akkoord Erwin 2026-10-08 ('advies', selectie van 19 uit pull request #1)
peugeot-e-208-50-2025;46.3;50.0;15.8;11.0;3;https://www.peugeot.be/content/dam/peugeot/belgium/nl/b2c/tools/prijslijst/october/208-2025_BENL.pdf;ja;akkoord Erwin 2026-10-08 ('advies', selectie van 19 uit pull request #1)
citroen-e-c3-30-kwh-2025;30.3;;17.0;7.4;1;https://www.citroen.be/content/dam/citroen/belgium/b2c/brochure/202509/Tarif_CC21_C3_AM30_20250908_BE-FR.pdf;ja;akkoord Erwin 2026-10-08 ('advies', selectie van 19 uit pull request #1)
dacia-spring-electric-45-2025;26.8;;14.1;7.0;1;https://cdn.group.renault.com/dac/nl/brochures-en-prijslijsten/prijslijst/archief/prijslijst-spring-januari-25.pdf;ja;akkoord Erwin 2026-10-08 ('advies', selectie van 19 uit pull request #1)
fiat-500e-24-2025;21.3;23.8;13.0;11.0;3;https://www.media.stellantis.com/uploads/nl/attachment//consumentenprijslijstfiat500emy2522oktober2024-671760646ee09.pdf;ja;akkoord Erwin 2026-10-08 ('advies', selectie van 19 uit pull request #1)
ford-mustang-mach-e-standard-range-rwd-2025;72.6;;18.5;11.0;3;https://weupreviewimagesprd.blob.core.windows.net/nl12/siteassets/prijslijst-ford-mustang-mach-e-2025-4-16.pdf;ja;akkoord Erwin 2026-10-08 ('advies', selectie van 19 uit pull request #1)
ford-mustang-mach-e-premium-extended-range-awd-2025;88.0;;19.3;11.0;3;https://weupreviewimagesprd.blob.core.windows.net/nl12/siteassets/prijslijst-ford-mustang-mach-e-2025-4-16.pdf;ja;akkoord Erwin 2026-10-08 ('advies', selectie van 19 uit pull request #1)
ford-mustang-mach-e-gt-2025;91.0;;21.0;11.0;3;https://weupreviewimagesprd.blob.core.windows.net/nl12/siteassets/prijslijst-ford-mustang-mach-e-2025-4-16.pdf;ja;akkoord Erwin 2026-10-08 ('advies', selectie van 19 uit pull request #1)
ford-mustang-mach-e-rally-2025;91.0;;21.3;11.0;3;https://weupreviewimagesprd.blob.core.windows.net/nl12/siteassets/prijslijst-ford-mustang-mach-e-2025-4-16.pdf;ja;akkoord Erwin 2026-10-08 ('advies', selectie van 19 uit pull request #1)
polestar-2-standard-range-single-motor-2025;70.0;;15.4;11.0;3;https://www.polestar.com/nl/polestar-2/specifications/;ja;akkoord Erwin 2026-10-08 ('advies', selectie van 19 uit pull request #1)
polestar-2-long-range-dual-motor-2025;82.0;;16.5;11.0;3;https://www.polestar.com/nl/polestar-2/specifications/;ja;akkoord Erwin 2026-10-08 ('advies', selectie van 19 uit pull request #1)
polestar-2-long-range-dual-motor-performance-2025;82.0;;17.0;11.0;3;https://www.polestar.com/nl/polestar-2/specifications/;ja;akkoord Erwin 2026-10-08 ('advies', selectie van 19 uit pull request #1)
bmw-i4-m50-xdrive-2025;81.1;;19.8;11.0;3;https://www.bmw.be/nl/all-models/bmw-i/i4/bmw-i4-technische-gegevens.html;ja;akkoord Erwin 2026-10-08 ('advies', selectie van 19 uit pull request #1)
bmw-ix2-xdrive30-2026;65.0;;16.0;11.0;3;https://www.bmw.be/nl/all-models/bmw-i/ix2/bmw-ix2-technische-gegevens.html;ja;akkoord Erwin 2026-10-08 ('advies', selectie van 19 uit pull request #1)
mercedes-benz-eqa-300-4matic-2025;70.0;;18.3;11.0;3;https://www.mercedes-benz.be/nl/passengercars/models/suv/eqa/;ja;akkoord Erwin 2026-10-08 ('advies', selectie van 19 uit pull request #1)
mercedes-benz-eqa-350-4matic-2025;70.0;;18.5;11.0;3;https://www.mercedes-benz.be/nl/passengercars/models/suv/eqa/;ja;akkoord Erwin 2026-10-08 ('advies', selectie van 19 uit pull request #1)
volkswagen-id4-pure-2025;58.0;;17.1;11.0;3;https://www.volkswagen.be/nl/modellen/id4.html/__ui/technical-data.app;ja;akkoord Erwin 2026-10-08 ('advies', selectie van 19 uit pull request #1)
volkswagen-id4-pro-4motion-2025;77.0;;17.4;11.0;3;https://www.volkswagen.be/nl/modellen/id4.html/__ui/technical-data.app;ja;akkoord Erwin 2026-10-08 ('advies', selectie van 19 uit pull request #1)
